[
    {
        "id": 5
    },
    {
        "id": 5,
        "damage": 1
    },
    {
        "id": 5,
        "damage": 2
    },
    {
        "id": 5,
        "damage": 3
    },
    {
        "id": 5,
        "damage": 4
    },
    {
        "id": 5,
        "damage": 5
    },
    {
        "id": -242
    },
    {
        "id": -243
    },
    {
        "id": 139
    },
    {
        "id": 139,
        "damage": 1
    },
    {
        "id": 139,
        "damage": 2
    },
    {
        "id": 139,
        "damage": 3
    },
    {
        "id": 139,
        "damage": 4
    },
    {
        "id": 139,
        "damage": 5
    },
    {
        "id": 139,
        "damage": 12
    },
    {
        "id": 139,
        "damage": 7
    },
    {
        "id": 139,
        "damage": 8
    },
    {
        "id": 139,
        "damage": 6
    },
    {
        "id": 139,
        "damage": 9
    },
    {
        "id": 139,
        "damage": 13
    },
    {
        "id": 139,
        "damage": 10
    },
    {
        "id": 139,
        "damage": 11
    },
    {
        "id": -277
    },
    {
        "id": -297
    },
    {
        "id": -278
    },
    {
        "id": 85
    },
    {
        "id": 85,
        "damage": 1
    },
    {
        "id": 85,
        "damage": 2
    },
    {
        "id": 85,
        "damage": 3
    },
    {
        "id": 85,
        "damage": 4
    },
    {
        "id": 85,
        "damage": 5
    },
    {
        "id": 113
    },
    {
        "id": -256
    },
    {
        "id": -257
    },
    {
        "id": 107
    },
    {
        "id": 183
    },
    {
        "id": 184
    },
    {
        "id": 185
    },
    {
        "id": 187
    },
    {
        "id": 186
    },
    {
        "id": -258
    },
    {
        "id": -259
    },
    {
        "id": -180
    },
    {
        "id": 67
    },
    {
        "id": -179
    },
    {
        "id": 53
    },
    {
        "id": 134
    },
    {
        "id": 135
    },
    {
        "id": 136
    },
    {
        "id": 163
    },
    {
        "id": 164
    },
    {
        "id": 109
    },
    {
        "id": -175
    },
    {
        "id": 128
    },
    {
        "id": -177
    },
    {
        "id": 180
    },
    {
        "id": -176
    },
    {
        "id": -169
    },
    {
        "id": -172
    },
    {
        "id": -170
    },
    {
        "id": -173
    },
    {
        "id": -171
    },
    {
        "id": -174
    },
    {
        "id": 108
    },
    {
        "id": 114
    },
    {
        "id": -184
    },
    {
        "id": -178
    },
    {
        "id": 156
    },
    {
        "id": -185
    },
    {
        "id": 203
    },
    {
        "id": -2
    },
    {
        "id": -3
    },
    {
        "id": -4
    },
    {
        "id": -254
    },
    {
        "id": -255
    },
    {
        "id": -276
    },
    {
        "id": -292
    },
    {
        "id": -275
    },
    {
        "id": 324
    },
    {
        "id": 427
    },
    {
        "id": 428
    },
    {
        "id": 429
    },
    {
        "id": 430
    },
    {
        "id": 431
    },
    {
        "id": 330
    },
    {
        "id": 755
    },
    {
        "id": 756
    },
    {
        "id": 96
    },
    {
        "id": -149
    },
    {
        "id": -146
    },
    {
        "id": -148
    },
    {
        "id": -145
    },
    {
        "id": -147
    },
    {
        "id": 167
    },
    {
        "id": -246
    },
    {
        "id": -247
    },
    {
        "id": 101
    },
    {
        "id": 20
    },
    {
        "id": 241
    },
    {
        "id": 241,
        "damage": 8
    },
    {
        "id": 241,
        "damage": 7
    },
    {
        "id": 241,
        "damage": 15
    },
    {
        "id": 241,
        "damage": 12
    },
    {
        "id": 241,
        "damage": 14
    },
    {
        "id": 241,
        "damage": 1
    },
    {
        "id": 241,
        "damage": 4
    },
    {
        "id": 241,
        "damage": 5
    },
    {
        "id": 241,
        "damage": 13
    },
    {
        "id": 241,
        "damage": 9
    },
    {
        "id": 241,
        "damage": 3
    },
    {
        "id": 241,
        "damage": 11
    },
    {
        "id": 241,
        "damage": 10
    },
    {
        "id": 241,
        "damage": 2
    },
    {
        "id": 241,
        "damage": 6
    },
    {
        "id": 102
    },
    {
        "id": 160
    },
    {
        "id": 160,
        "damage": 8
    },
    {
        "id": 160,
        "damage": 7
    },
    {
        "id": 160,
        "damage": 15
    },
    {
        "id": 160,
        "damage": 12
    },
    {
        "id": 160,
        "damage": 14
    },
    {
        "id": 160,
        "damage": 1
    },
    {
        "id": 160,
        "damage": 4
    },
    {
        "id": 160,
        "damage": 5
    },
    {
        "id": 160,
        "damage": 13
    },
    {
        "id": 160,
        "damage": 9
    },
    {
        "id": 160,
        "damage": 3
    },
    {
        "id": 160,
        "damage": 11
    },
    {
        "id": 160,
        "damage": 10
    },
    {
        "id": 160,
        "damage": 2
    },
    {
        "id": 160,
        "damage": 6
    },
    {
        "id": 65
    },
    {
        "id": -165
    },
    {
        "id": 44
    },
    {
        "id": -166,
        "damage": 2
    },
    {
        "id": 44,
        "damage": 3
    },
    {
        "id": 182,
        "damage": 5
    },
    {
        "id": 158
    },
    {
        "id": 158,
        "damage": 1
    },
    {
        "id": 158,
        "damage": 2
    },
    {
        "id": 158,
        "damage": 3
    },
    {
        "id": 158,
        "damage": 4
    },
    {
        "id": 158,
        "damage": 5
    },
    {
        "id": 44,
        "damage": 5
    },
    {
        "id": -166
    },
    {
        "id": 44,
        "damage": 1
    },
    {
        "id": -166,
        "damage": 3
    },
    {
        "id": 182,
        "damage": 6
    },
    {
        "id": 182
    },
    {
        "id": -166,
        "damage": 4
    },
    {
        "id": -162,
        "damage": 1
    },
    {
        "id": -162,
        "damage": 6
    },
    {
        "id": -162,
        "damage": 7
    },
    {
        "id": -162,
        "damage": 4
    },
    {
        "id": -162,
        "damage": 5
    },
    {
        "id": -162,
        "damage": 3
    },
    {
        "id": -162,
        "damage": 2
    },
    {
        "id": 44,
        "damage": 4
    },
    {
        "id": 44,
        "damage": 7
    },
    {
        "id": 182,
        "damage": 7
    },
    {
        "id": -162
    },
    {
        "id": 44,
        "damage": 6
    },
    {
        "id": -166,
        "damage": 1
    },
    {
        "id": 182,
        "damage": 1
    },
    {
        "id": 182,
        "damage": 2
    },
    {
        "id": 182,
        "damage": 3
    },
    {
        "id": 182,
        "damage": 4
    },
    {
        "id": -264
    },
    {
        "id": -265
    },
    {
        "id": -282
    },
    {
        "id": -293
    },
    {
        "id": -284
    },
    {
        "id": 45
    },
    {
        "id": -302
    },
    {
        "id": -303
    },
    {
        "id": -304
    },
    {
        "id": 98
    },
    {
        "id": 98,
        "damage": 1
    },
    {
        "id": 98,
        "damage": 2
    },
    {
        "id": 98,
        "damage": 3
    },
    {
        "id": 206
    },
    {
        "id": 168,
        "damage": 2
    },
    {
        "id": -274
    },
    {
        "id": -280
    },
    {
        "id": -281
    },
    {
        "id": -279
    },
    {
        "id": 4
    },
    {
        "id": 48
    },
    {
        "id": -183
    },
    {
        "id": 24
    },
    {
        "id": 24,
        "damage": 1
    },
    {
        "id": 24,
        "damage": 2
    },
    {
        "id": 24,
        "damage": 3
    },
    {
        "id": 179
    },
    {
        "id": 179,
        "damage": 1
    },
    {
        "id": 179,
        "damage": 2
    },
    {
        "id": 179,
        "damage": 3
    },
    {
        "id": 173
    },
    {
        "id": -139
    },
    {
        "id": 41
    },
    {
        "id": 42
    },
    {
        "id": 133
    },
    {
        "id": 57
    },
    {
        "id": 22
    },
    {
        "id": 155
    },
    {
        "id": 155,
        "damage": 2
    },
    {
        "id": 155,
        "damage": 1
    },
    {
        "id": 155,
        "damage": 3
    },
    {
        "id": 168
    },
    {
        "id": 168,
        "damage": 1
    },
    {
        "id": 165
    },
    {
        "id": -220
    },
    {
        "id": -221
    },
    {
        "id": 170
    },
    {
        "id": 216
    },
    {
        "id": 112
    },
    {
        "id": 215
    },
    {
        "id": -270
    },
    {
        "id": -222
    },
    {
        "id": 35
    },
    {
        "id": 35,
        "damage": 8
    },
    {
        "id": 35,
        "damage": 7
    },
    {
        "id": 35,
        "damage": 15
    },
    {
        "id": 35,
        "damage": 12
    },
    {
        "id": 35,
        "damage": 14
    },
    {
        "id": 35,
        "damage": 1
    },
    {
        "id": 35,
        "damage": 4
    },
    {
        "id": 35,
        "damage": 5
    },
    {
        "id": 35,
        "damage": 13
    },
    {
        "id": 35,
        "damage": 9
    },
    {
        "id": 35,
        "damage": 3
    },
    {
        "id": 35,
        "damage": 11
    },
    {
        "id": 35,
        "damage": 10
    },
    {
        "id": 35,
        "damage": 2
    },
    {
        "id": 35,
        "damage": 6
    },
    {
        "id": 171
    },
    {
        "id": 171,
        "damage": 8
    },
    {
        "id": 171,
        "damage": 7
    },
    {
        "id": 171,
        "damage": 15
    },
    {
        "id": 171,
        "damage": 12
    },
    {
        "id": 171,
        "damage": 14
    },
    {
        "id": 171,
        "damage": 1
    },
    {
        "id": 171,
        "damage": 4
    },
    {
        "id": 171,
        "damage": 5
    },
    {
        "id": 171,
        "damage": 13
    },
    {
        "id": 171,
        "damage": 9
    },
    {
        "id": 171,
        "damage": 3
    },
    {
        "id": 171,
        "damage": 11
    },
    {
        "id": 171,
        "damage": 10
    },
    {
        "id": 171,
        "damage": 2
    },
    {
        "id": 171,
        "damage": 6
    },
    {
        "id": 237
    },
    {
        "id": 237,
        "damage": 8
    },
    {
        "id": 237,
        "damage": 7
    },
    {
        "id": 237,
        "damage": 15
    },
    {
        "id": 237,
        "damage": 12
    },
    {
        "id": 237,
        "damage": 14
    },
    {
        "id": 237,
        "damage": 1
    },
    {
        "id": 237,
        "damage": 4
    },
    {
        "id": 237,
        "damage": 5
    },
    {
        "id": 237,
        "damage": 13
    },
    {
        "id": 237,
        "damage": 9
    },
    {
        "id": 237,
        "damage": 3
    },
    {
        "id": 237,
        "damage": 11
    },
    {
        "id": 237,
        "damage": 10
    },
    {
        "id": 237,
        "damage": 2
    },
    {
        "id": 237,
        "damage": 6
    },
    {
        "id": 236
    },
    {
        "id": 236,
        "damage": 8
    },
    {
        "id": 236,
        "damage": 7
    },
    {
        "id": 236,
        "damage": 15
    },
    {
        "id": 236,
        "damage": 12
    },
    {
        "id": 236,
        "damage": 14
    },
    {
        "id": 236,
        "damage": 1
    },
    {
        "id": 236,
        "damage": 4
    },
    {
        "id": 236,
        "damage": 5
    },
    {
        "id": 236,
        "damage": 13
    },
    {
        "id": 236,
        "damage": 9
    },
    {
        "id": 236,
        "damage": 3
    },
    {
        "id": 236,
        "damage": 11
    },
    {
        "id": 236,
        "damage": 10
    },
    {
        "id": 236,
        "damage": 2
    },
    {
        "id": 236,
        "damage": 6
    },
    {
        "id": 82
    },
    {
        "id": 172
    },
    {
        "id": 159
    },
    {
        "id": 159,
        "damage": 8
    },
    {
        "id": 159,
        "damage": 7
    },
    {
        "id": 159,
        "damage": 15
    },
    {
        "id": 159,
        "damage": 12
    },
    {
        "id": 159,
        "damage": 14
    },
    {
        "id": 159,
        "damage": 1
    },
    {
        "id": 159,
        "damage": 4
    },
    {
        "id": 159,
        "damage": 5
    },
    {
        "id": 159,
        "damage": 13
    },
    {
        "id": 159,
        "damage": 9
    },
    {
        "id": 159,
        "damage": 3
    },
    {
        "id": 159,
        "damage": 11
    },
    {
        "id": 159,
        "damage": 10
    },
    {
        "id": 159,
        "damage": 2
    },
    {
        "id": 159,
        "damage": 6
    },
    {
        "id": 220
    },
    {
        "id": 228
    },
    {
        "id": 227
    },
    {
        "id": 235
    },
    {
        "id": 232
    },
    {
        "id": 234
    },
    {
        "id": 221
    },
    {
        "id": 224
    },
    {
        "id": 225
    },
    {
        "id": 233
    },
    {
        "id": 229
    },
    {
        "id": 223
    },
    {
        "id": 231
    },
    {
        "id": 219
    },
    {
        "id": 222
    },
    {
        "id": 226
    },
    {
        "id": 201
    },
    {
        "id": 201,
        "damage": 2
    },
    {
        "id": 214
    },
    {
        "id": -227
    },
    {
        "id": -230
    },
    {
        "id": -232
    },
    {
        "id": -233
    },
    {
        "id": -234
    },
    {
        "id": -235
    },
    {
        "id": -236
    },
    {
        "id": 3
    },
    {
        "id": 3,
        "damage": 1
    },
    {
        "id": 60
    },
    {
        "id": 2
    },
    {
        "id": 198
    },
    {
        "id": 243
    },
    {
        "id": 110
    },
    {
        "id": 1
    },
    {
        "id": 15
    },
    {
        "id": 14
    },
    {
        "id": 56
    },
    {
        "id": 21
    },
    {
        "id": 73
    },
    {
        "id": 16
    },
    {
        "id": 129
    },
    {
        "id": 153
    },
    {
        "id": -288
    },
    {
        "id": -271
    },
    {
        "id": 13
    },
    {
        "id": 1,
        "damage": 1
    },
    {
        "id": 1,
        "damage": 3
    },
    {
        "id": 1,
        "damage": 5
    },
    {
        "id": -273
    },
    {
        "id": 1,
        "damage": 2
    },
    {
        "id": 1,
        "damage": 4
    },
    {
        "id": 1,
        "damage": 6
    },
    {
        "id": -291
    },
    {
        "id": 12
    },
    {
        "id": 12,
        "damage": 1
    },
    {
        "id": 81
    },
    {
        "id": 17
    },
    {
        "id": -10
    },
    {
        "id": 17,
        "damage": 1
    },
    {
        "id": -5
    },
    {
        "id": 17,
        "damage": 2
    },
    {
        "id": -6
    },
    {
        "id": 17,
        "damage": 3
    },
    {
        "id": -7
    },
    {
        "id": 162
    },
    {
        "id": -8
    },
    {
        "id": 162,
        "damage": 1
    },
    {
        "id": -9
    },
    {
        "id": -225
    },
    {
        "id": -240
    },
    {
        "id": -226
    },
    {
        "id": -241
    },
    {
        "id": -212
    },
    {
        "id": -212,
        "damage": 8
    },
    {
        "id": -212,
        "damage": 1
    },
    {
        "id": -212,
        "damage": 9
    },
    {
        "id": -212,
        "damage": 2
    },
    {
        "id": -212,
        "damage": 10
    },
    {
        "id": -212,
        "damage": 3
    },
    {
        "id": -212,
        "damage": 11
    },
    {
        "id": -212,
        "damage": 4
    },
    {
        "id": -212,
        "damage": 12
    },
    {
        "id": -212,
        "damage": 5
    },
    {
        "id": -212,
        "damage": 13
    },
    {
        "id": -299
    },
    {
        "id": -300
    },
    {
        "id": -298
    },
    {
        "id": -301
    },
    {
        "id": 18
    },
    {
        "id": 18,
        "damage": 1
    },
    {
        "id": 18,
        "damage": 2
    },
    {
        "id": 18,
        "damage": 3
    },
    {
        "id": 161
    },
    {
        "id": 161,
        "damage": 1
    },
    {
        "id": 6
    },
    {
        "id": 6,
        "damage": 1
    },
    {
        "id": 6,
        "damage": 2
    },
    {
        "id": 6,
        "damage": 3
    },
    {
        "id": 6,
        "damage": 4
    },
    {
        "id": 6,
        "damage": 5
    },
    {
        "id": -218
    },
    {
        "id": 295
    },
    {
        "id": 361
    },
    {
        "id": 362
    },
    {
        "id": 458
    },
    {
        "id": 296
    },
    {
        "id": 457
    },
    {
        "id": 392
    },
    {
        "id": 394
    },
    {
        "id": 391
    },
    {
        "id": 396
    },
    {
        "id": 260
    },
    {
        "id": 322
    },
    {
        "id": 466
    },
    {
        "id": 103
    },
    {
        "id": 360
    },
    {
        "id": 382
    },
    {
        "id": 477
    },
    {
        "id": 86
    },
    {
        "id": -155
    },
    {
        "id": 91
    },
    {
        "id": 736
    },
    {
        "id": 31,
        "damage": 2
    },
    {
        "id": 175,
        "damage": 3
    },
    {
        "id": 31,
        "damage": 1
    },
    {
        "id": 175,
        "damage": 2
    },
    {
        "id": 760
    },
    {
        "id": -131,
        "damage": 3
    },
    {
        "id": -131,
        "damage": 1
    },
    {
        "id": -131,
        "damage": 2
    },
    {
        "id": -131
    },
    {
        "id": -131,
        "damage": 4
    },
    {
        "id": -131,
        "damage": 11
    },
    {
        "id": -131,
        "damage": 9
    },
    {
        "id": -131,
        "damage": 10
    },
    {
        "id": -131,
        "damage": 8
    },
    {
        "id": -131,
        "damage": 12
    },
    {
        "id": -133,
        "damage": 3
    },
    {
        "id": -133,
        "damage": 1
    },
    {
        "id": -133,
        "damage": 2
    },
    {
        "id": -133
    },
    {
        "id": -133,
        "damage": 4
    },
    {
        "id": -134,
        "damage": 3
    },
    {
        "id": -134,
        "damage": 1
    },
    {
        "id": -134,
        "damage": 2
    },
    {
        "id": -134
    },
    {
        "id": -134,
        "damage": 4
    },
    {
        "id": 335
    },
    {
        "id": -130
    },
    {
        "id": -223
    },
    {
        "id": -224
    },
    {
        "id": 37
    },
    {
        "id": 38
    },
    {
        "id": 38,
        "damage": 1
    },
    {
        "id": 38,
        "damage": 2
    },
    {
        "id": 38,
        "damage": 3
    },
    {
        "id": 38,
        "damage": 4
    },
    {
        "id": 38,
        "damage": 5
    },
    {
        "id": 38,
        "damage": 6
    },
    {
        "id": 38,
        "damage": 7
    },
    {
        "id": 38,
        "damage": 8
    },
    {
        "id": 38,
        "damage": 9
    },
    {
        "id": 38,
        "damage": 10
    },
    {
        "id": 175
    },
    {
        "id": 175,
        "damage": 1
    },
    {
        "id": 175,
        "damage": 4
    },
    {
        "id": 175,
        "damage": 5
    },
    {
        "id": -216
    },
    {
        "id": 351,
        "damage": 19
    },
    {
        "id": 351,
        "damage": 7
    },
    {
        "id": 351,
        "damage": 8
    },
    {
        "id": 351,
        "damage": 16
    },
    {
        "id": 351,
        "damage": 17
    },
    {
        "id": 351,
        "damage": 1
    },
    {
        "id": 351,
        "damage": 14
    },
    {
        "id": 351,
        "damage": 11
    },
    {
        "id": 351,
        "damage": 10
    },
    {
        "id": 351,
        "damage": 2
    },
    {
        "id": 351,
        "damage": 6
    },
    {
        "id": 351,
        "damage": 12
    },
    {
        "id": 351,
        "damage": 18
    },
    {
        "id": 351,
        "damage": 5
    },
    {
        "id": 351,
        "damage": 13
    },
    {
        "id": 351,
        "damage": 9
    },
    {
        "id": 351
    },
    {
        "id": 351,
        "damage": 3
    },
    {
        "id": 351,
        "damage": 4
    },
    {
        "id": 351,
        "damage": 15
    },
    {
        "id": 106
    },
    {
        "id": -231
    },
    {
        "id": -287
    },
    {
        "id": 111
    },
    {
        "id": 32
    },
    {
        "id": -163
    },
    {
        "id": 80
    },
    {
        "id": 79
    },
    {
        "id": 174
    },
    {
        "id": -11
    },
    {
        "id": 78
    },
    {
        "id": 365
    },
    {
        "id": 319
    },
    {
        "id": 363
    },
    {
        "id": 423
    },
    {
        "id": 411
    },
    {
        "id": 349
    },
    {
        "id": 460
    },
    {
        "id": 461
    },
    {
        "id": 462
    },
    {
        "id": 39
    },
    {
        "id": 40
    },
    {
        "id": -228
    },
    {
        "id": -229
    },
    {
        "id": 99,
        "damage": 14
    },
    {
        "id": 100,
        "damage": 14
    },
    {
        "id": 99,
        "damage": 15
    },
    {
        "id": 99
    },
    {
        "id": 344
    },
    {
        "id": 338
    },
    {
        "id": 353
    },
    {
        "id": 367
    },
    {
        "id": 352
    },
    {
        "id": 30
    },
    {
        "id": 375
    },
    {
        "id": 52
    },
    {
        "id": 97
    },
    {
        "id": 97,
        "damage": 1
    },
    {
        "id": 97,
        "damage": 2
    },
    {
        "id": 97,
        "damage": 3
    },
    {
        "id": 97,
        "damage": 4
    },
    {
        "id": 97,
        "damage": 5
    },
    {
        "id": 122
    },
    {
        "id": -159
    },
    {
        "id": 383,
        "damage": 10
    },
    {
        "id": 383,
        "damage": 122
    },
    {
        "id": 383,
        "damage": 11
    },
    {
        "id": 383,
        "damage": 12
    },
    {
        "id": 383,
        "damage": 13
    },
    {
        "id": 383,
        "damage": 14
    },
    {
        "id": 383,
        "damage": 28
    },
    {
        "id": 383,
        "damage": 22
    },
    {
        "id": 383,
        "damage": 75
    },
    {
        "id": 383,
        "damage": 16
    },
    {
        "id": 383,
        "damage": 19
    },
    {
        "id": 383,
        "damage": 30
    },
    {
        "id": 383,
        "damage": 18
    },
    {
        "id": 383,
        "damage": 29
    },
    {
        "id": 383,
        "damage": 23
    },
    {
        "id": 383,
        "damage": 24
    },
    {
        "id": 383,
        "damage": 25
    },
    {
        "id": 383,
        "damage": 26
    },
    {
        "id": 383,
        "damage": 27
    },
    {
        "id": 383,
        "damage": 111
    },
    {
        "id": 383,
        "damage": 112
    },
    {
        "id": 383,
        "damage": 108
    },
    {
        "id": 383,
        "damage": 109
    },
    {
        "id": 383,
        "damage": 31
    },
    {
        "id": 383,
        "damage": 74
    },
    {
        "id": 383,
        "damage": 113
    },
    {
        "id": 383,
        "damage": 121
    },
    {
        "id": 383,
        "damage": 33
    },
    {
        "id": 383,
        "damage": 38
    },
    {
        "id": 383,
        "damage": 39
    },
    {
        "id": 383,
        "damage": 34
    },
    {
        "id": 383,
        "damage": 48
    },
    {
        "id": 383,
        "damage": 46
    },
    {
        "id": 383,
        "damage": 37
    },
    {
        "id": 383,
        "damage": 35
    },
    {
        "id": 383,
        "damage": 32
    },
    {
        "id": 383,
        "damage": 36
    },
    {
        "id": 383,
        "damage": 47
    },
    {
        "id": 383,
        "damage": 110
    },
    {
        "id": 383,
        "damage": 17
    },
    {
        "id": 383,
        "damage": 40
    },
    {
        "id": 383,
        "damage": 45
    },
    {
        "id": 383,
        "damage": 49
    },
    {
        "id": 383,
        "damage": 50
    },
    {
        "id": 383,
        "damage": 55
    },
    {
        "id": 383,
        "damage": 42
    },
    {
        "id": 383,
        "damage": 125
    },
    {
        "id": 383,
        "damage": 124
    },
    {
        "id": 383,
        "damage": 123
    },
    {
        "id": 383,
        "damage": 126
    },
    {
        "id": 383,
        "damage": 127
    },
    {
        "id": 383,
        "damage": 41
    },
    {
        "id": 383,
        "damage": 43
    },
    {
        "id": 383,
        "damage": 54
    },
    {
        "id": 383,
        "damage": 57
    },
    {
        "id": 383,
        "damage": 104
    },
    {
        "id": 383,
        "damage": 105
    },
    {
        "id": 383,
        "damage": 15
    },
    {
        "id": 383,
        "damage": 118
    },
    {
        "id": 383,
        "damage": 44
    },
    {
        "id": 383,
        "damage": 58
    },
    {
        "id": 383,
        "damage": 114
    },
    {
        "id": 383,
        "damage": 59
    },
    {
        "id": 49
    },
    {
        "id": -289
    },
    {
        "id": 7
    },
    {
        "id": 88
    },
    {
        "id": 87
    },
    {
        "id": 213
    },
    {
        "id": 372
    },
    {
        "id": 121
    },
    {
        "id": 200
    },
    {
        "id": 240
    },
    {
        "id": 432
    },
    {
        "id": 433
    },
    {
        "id": 19
    },
    {
        "id": 19,
        "damage": 1
    },
    {
        "id": -132
    },
    {
        "id": -132,
        "damage": 1
    },
    {
        "id": -132,
        "damage": 2
    },
    {
        "id": -132,
        "damage": 3
    },
    {
        "id": -132,
        "damage": 4
    },
    {
        "id": -132,
        "damage": 8
    },
    {
        "id": -132,
        "damage": 9
    },
    {
        "id": -132,
        "damage": 10
    },
    {
        "id": -132,
        "damage": 11
    },
    {
        "id": -132,
        "damage": 12
    },
    {
        "id": 298
    },
    {
        "id": 302
    },
    {
        "id": 306
    },
    {
        "id": 314
    },
    {
        "id": 310
    },
    {
        "id": 748
    },
    {
        "id": 299
    },
    {
        "id": 303
    },
    {
        "id": 307
    },
    {
        "id": 315
    },
    {
        "id": 311
    },
    {
        "id": 749
    },
    {
        "id": 300
    },
    {
        "id": 304
    },
    {
        "id": 308
    },
    {
        "id": 316
    },
    {
        "id": 312
    },
    {
        "id": 750
    },
    {
        "id": 301
    },
    {
        "id": 305
    },
    {
        "id": 309
    },
    {
        "id": 317
    },
    {
        "id": 313
    },
    {
        "id": 751
    },
    {
        "id": 268
    },
    {
        "id": 272
    },
    {
        "id": 267
    },
    {
        "id": 283
    },
    {
        "id": 276
    },
    {
        "id": 743
    },
    {
        "id": 271
    },
    {
        "id": 275
    },
    {
        "id": 258
    },
    {
        "id": 286
    },
    {
        "id": 279
    },
    {
        "id": 746
    },
    {
        "id": 270
    },
    {
        "id": 274
    },
    {
        "id": 257
    },
    {
        "id": 285
    },
    {
        "id": 278
    },
    {
        "id": 745
    },
    {
        "id": 269
    },
    {
        "id": 273
    },
    {
        "id": 256
    },
    {
        "id": 284
    },
    {
        "id": 277
    },
    {
        "id": 744
    },
    {
        "id": 290
    },
    {
        "id": 291
    },
    {
        "id": 292
    },
    {
        "id": 294
    },
    {
        "id": 293
    },
    {
        "id": 747
    },
    {
        "id": 261
    },
    {
        "id": 471
    },
    {
        "id": 262
    },
    {
        "id": 262,
        "damage": 6
    },
    {
        "id": 262,
        "damage": 7
    },
    {
        "id": 262,
        "damage": 8
    },
    {
        "id": 262,
        "damage": 9
    },
    {
        "id": 262,
        "damage": 10
    },
    {
        "id": 262,
        "damage": 11
    },
    {
        "id": 262,
        "damage": 12
    },
    {
        "id": 262,
        "damage": 13
    },
    {
        "id": 262,
        "damage": 14
    },
    {
        "id": 262,
        "damage": 15
    },
    {
        "id": 262,
        "damage": 16
    },
    {
        "id": 262,
        "damage": 17
    },
    {
        "id": 262,
        "damage": 18
    },
    {
        "id": 262,
        "damage": 19
    },
    {
        "id": 262,
        "damage": 20
    },
    {
        "id": 262,
        "damage": 21
    },
    {
        "id": 262,
        "damage": 22
    },
    {
        "id": 262,
        "damage": 23
    },
    {
        "id": 262,
        "damage": 24
    },
    {
        "id": 262,
        "damage": 25
    },
    {
        "id": 262,
        "damage": 26
    },
    {
        "id": 262,
        "damage": 27
    },
    {
        "id": 262,
        "damage": 28
    },
    {
        "id": 262,
        "damage": 29
    },
    {
        "id": 262,
        "damage": 30
    },
    {
        "id": 262,
        "damage": 31
    },
    {
        "id": 262,
        "damage": 32
    },
    {
        "id": 262,
        "damage": 33
    },
    {
        "id": 262,
        "damage": 34
    },
    {
        "id": 262,
        "damage": 35
    },
    {
        "id": 262,
        "damage": 36
    },
    {
        "id": 262,
        "damage": 37
    },
    {
        "id": 262,
        "damage": 38
    },
    {
        "id": 262,
        "damage": 39
    },
    {
        "id": 262,
        "damage": 40
    },
    {
        "id": 262,
        "damage": 41
    },
    {
        "id": 262,
        "damage": 42
    },
    {
        "id": 262,
        "damage": 43
    },
    {
        "id": 513
    },
    {
        "id": 366
    },
    {
        "id": 320
    },
    {
        "id": 364
    },
    {
        "id": 424
    },
    {
        "id": 412
    },
    {
        "id": 350
    },
    {
        "id": 463
    },
    {
        "id": 297
    },
    {
        "id": 282
    },
    {
        "id": 459
    },
    {
        "id": 413
    },
    {
        "id": 393
    },
    {
        "id": 357
    },
    {
        "id": 400
    },
    {
        "id": 354
    },
    {
        "id": 464
    },
    {
        "id": 346
    },
    {
        "id": 398
    },
    {
        "id": 757
    },
    {
        "id": 332
    },
    {
        "id": 359
    },
    {
        "id": 259
    },
    {
        "id": 420
    },
    {
        "id": 347
    },
    {
        "id": 345
    },
    {
        "id": 395
    },
    {
        "id": 395,
        "damage": 2
    },
    {
        "id": 329
    },
    {
        "id": 416
    },
    {
        "id": 417
    },
    {
        "id": 418
    },
    {
        "id": 419
    },
    {
        "id": 455
    },
    {
        "id": 469
    },
    {
        "id": 444
    },
    {
        "id": 450
    },
    {
        "id": 374
    },
    {
        "id": 384
    },
    {
        "id": 373
    },
    {
        "id": 373,
        "damage": 1
    },
    {
        "id": 373,
        "damage": 2
    },
    {
        "id": 373,
        "damage": 3
    },
    {
        "id": 373,
        "damage": 4
    },
    {
        "id": 373,
        "damage": 5
    },
    {
        "id": 373,
        "damage": 6
    },
    {
        "id": 373,
        "damage": 7
    },
    {
        "id": 373,
        "damage": 8
    },
    {
        "id": 373,
        "damage": 9
    },
    {
        "id": 373,
        "damage": 10
    },
    {
        "id": 373,
        "damage": 11
    },
    {
        "id": 373,
        "damage": 12
    },
    {
        "id": 373,
        "damage": 13
    },
    {
        "id": 373,
        "damage": 14
    },
    {
        "id": 373,
        "damage": 15
    },
    {
        "id": 373,
        "damage": 16
    },
    {
        "id": 373,
        "damage": 17
    },
    {
        "id": 373,
        "damage": 18
    },
    {
        "id": 373,
        "damage": 19
    },
    {
        "id": 373,
        "damage": 20
    },
    {
        "id": 373,
        "damage": 21
    },
    {
        "id": 373,
        "damage": 22
    },
    {
        "id": 373,
        "damage": 23
    },
    {
        "id": 373,
        "damage": 24
    },
    {
        "id": 373,
        "damage": 25
    },
    {
        "id": 373,
        "damage": 26
    },
    {
        "id": 373,
        "damage": 27
    },
    {
        "id": 373,
        "damage": 28
    },
    {
        "id": 373,
        "damage": 29
    },
    {
        "id": 373,
        "damage": 30
    },
    {
        "id": 373,
        "damage": 31
    },
    {
        "id": 373,
        "damage": 32
    },
    {
        "id": 373,
        "damage": 33
    },
    {
        "id": 373,
        "damage": 34
    },
    {
        "id": 373,
        "damage": 35
    },
    {
        "id": 373,
        "damage": 36
    },
    {
        "id": 373,
        "damage": 37
    },
    {
        "id": 373,
        "damage": 38
    },
    {
        "id": 373,
        "damage": 39
    },
    {
        "id": 373,
        "damage": 40
    },
    {
        "id": 373,
        "damage": 41
    },
    {
        "id": 373,
        "damage": 42
    },
    {
        "id": 438
    },
    {
        "id": 438,
        "damage": 1
    },
    {
        "id": 438,
        "damage": 2
    },
    {
        "id": 438,
        "damage": 3
    },
    {
        "id": 438,
        "damage": 4
    },
    {
        "id": 438,
        "damage": 5
    },
    {
        "id": 438,
        "damage": 6
    },
    {
        "id": 438,
        "damage": 7
    },
    {
        "id": 438,
        "damage": 8
    },
    {
        "id": 438,
        "damage": 9
    },
    {
        "id": 438,
        "damage": 10
    },
    {
        "id": 438,
        "damage": 11
    },
    {
        "id": 438,
        "damage": 12
    },
    {
        "id": 438,
        "damage": 13
    },
    {
        "id": 438,
        "damage": 14
    },
    {
        "id": 438,
        "damage": 15
    },
    {
        "id": 438,
        "damage": 16
    },
    {
        "id": 438,
        "damage": 17
    },
    {
        "id": 438,
        "damage": 18
    },
    {
        "id": 438,
        "damage": 19
    },
    {
        "id": 438,
        "damage": 20
    },
    {
        "id": 438,
        "damage": 21
    },
    {
        "id": 438,
        "damage": 22
    },
    {
        "id": 438,
        "damage": 23
    },
    {
        "id": 438,
        "damage": 24
    },
    {
        "id": 438,
        "damage": 25
    },
    {
        "id": 438,
        "damage": 26
    },
    {
        "id": 438,
        "damage": 27
    },
    {
        "id": 438,
        "damage": 28
    },
    {
        "id": 438,
        "damage": 29
    },
    {
        "id": 438,
        "damage": 30
    },
    {
        "id": 438,
        "damage": 31
    },
    {
        "id": 438,
        "damage": 32
    },
    {
        "id": 438,
        "damage": 33
    },
    {
        "id": 438,
        "damage": 34
    },
    {
        "id": 438,
        "damage": 35
    },
    {
        "id": 438,
        "damage": 36
    },
    {
        "id": 438,
        "damage": 37
    },
    {
        "id": 438,
        "damage": 38
    },
    {
        "id": 438,
        "damage": 39
    },
    {
        "id": 438,
        "damage": 40
    },
    {
        "id": 438,
        "damage": 41
    },
    {
        "id": 438,
        "damage": 42
    },
    {
        "id": 441
    },
    {
        "id": 441,
        "damage": 1
    },
    {
        "id": 441,
        "damage": 2
    },
    {
        "id": 441,
        "damage": 3
    },
    {
        "id": 441,
        "damage": 4
    },
    {
        "id": 441,
        "damage": 5
    },
    {
        "id": 441,
        "damage": 6
    },
    {
        "id": 441,
        "damage": 7
    },
    {
        "id": 441,
        "damage": 8
    },
    {
        "id": 441,
        "damage": 9
    },
    {
        "id": 441,
        "damage": 10
    },
    {
        "id": 441,
        "damage": 11
    },
    {
        "id": 441,
        "damage": 12
    },
    {
        "id": 441,
        "damage": 13
    },
    {
        "id": 441,
        "damage": 14
    },
    {
        "id": 441,
        "damage": 15
    },
    {
        "id": 441,
        "damage": 16
    },
    {
        "id": 441,
        "damage": 17
    },
    {
        "id": 441,
        "damage": 18
    },
    {
        "id": 441,
        "damage": 19
    },
    {
        "id": 441,
        "damage": 20
    },
    {
        "id": 441,
        "damage": 21
    },
    {
        "id": 441,
        "damage": 22
    },
    {
        "id": 441,
        "damage": 23
    },
    {
        "id": 441,
        "damage": 24
    },
    {
        "id": 441,
        "damage": 25
    },
    {
        "id": 441,
        "damage": 26
    },
    {
        "id": 441,
        "damage": 27
    },
    {
        "id": 441,
        "damage": 28
    },
    {
        "id": 441,
        "damage": 29
    },
    {
        "id": 441,
        "damage": 30
    },
    {
        "id": 441,
        "damage": 31
    },
    {
        "id": 441,
        "damage": 32
    },
    {
        "id": 441,
        "damage": 33
    },
    {
        "id": 441,
        "damage": 34
    },
    {
        "id": 441,
        "damage": 35
    },
    {
        "id": 441,
        "damage": 36
    },
    {
        "id": 441,
        "damage": 37
    },
    {
        "id": 441,
        "damage": 38
    },
    {
        "id": 441,
        "damage": 39
    },
    {
        "id": 441,
        "damage": 40
    },
    {
        "id": 441,
        "damage": 41
    },
    {
        "id": 441,
        "damage": 42
    },
    {
        "id": 280
    },
    {
        "id": 355
    },
    {
        "id": 355,
        "damage": 8
    },
    {
        "id": 355,
        "damage": 7
    },
    {
        "id": 355,
        "damage": 15
    },
    {
        "id": 355,
        "damage": 12
    },
    {
        "id": 355,
        "damage": 14
    },
    {
        "id": 355,
        "damage": 1
    },
    {
        "id": 355,
        "damage": 4
    },
    {
        "id": 355,
        "damage": 5
    },
    {
        "id": 355,
        "damage": 13
    },
    {
        "id": 355,
        "damage": 9
    },
    {
        "id": 355,
        "damage": 3
    },
    {
        "id": 355,
        "damage": 11
    },
    {
        "id": 355,
        "damage": 10
    },
    {
        "id": 355,
        "damage": 2
    },
    {
        "id": 355,
        "damage": 6
    },
    {
        "id": 50
    },
    {
        "id": -268
    },
    {
        "id": -156
    },
    {
        "id": -208
    },
    {
        "id": -269
    },
    {
        "id": 58
    },
    {
        "id": -200
    },
    {
        "id": -201
    },
    {
        "id": -202
    },
    {
        "id": -219
    },
    {
        "id": 720
    },
    {
        "id": 801
    },
    {
        "id": 61
    },
    {
        "id": -196
    },
    {
        "id": -198
    },
    {
        "id": -272
    },
    {
        "id": 238,
        "damage": 8
    },
    {
        "id": 238
    },
    {
        "id": 238,
        "damage": 12
    },
    {
        "id": 238,
        "damage": 4
    },
    {
        "id": 379
    },
    {
        "id": 145
    },
    {
        "id": 145,
        "damage": 4
    },
    {
        "id": 145,
        "damage": 8
    },
    {
        "id": -195
    },
    {
        "id": 116
    },
    {
        "id": 47
    },
    {
        "id": -194
    },
    {
        "id": 380
    },
    {
        "id": -213
    },
    {
        "id": 54
    },
    {
        "id": 146
    },
    {
        "id": 130
    },
    {
        "id": -203
    },
    {
        "id": 205
    },
    {
        "id": 218
    },
    {
        "id": 218,
        "damage": 8
    },
    {
        "id": 218,
        "damage": 7
    },
    {
        "id": 218,
        "damage": 15
    },
    {
        "id": 218,
        "damage": 12
    },
    {
        "id": 218,
        "damage": 14
    },
    {
        "id": 218,
        "damage": 1
    },
    {
        "id": 218,
        "damage": 4
    },
    {
        "id": 218,
        "damage": 5
    },
    {
        "id": 218,
        "damage": 13
    },
    {
        "id": 218,
        "damage": 9
    },
    {
        "id": 218,
        "damage": 3
    },
    {
        "id": 218,
        "damage": 11
    },
    {
        "id": 218,
        "damage": 10
    },
    {
        "id": 218,
        "damage": 2
    },
    {
        "id": 218,
        "damage": 6
    },
    {
        "id": 425
    },
    {
        "id": 25
    },
    {
        "id": 84
    },
    {
        "id": 500
    },
    {
        "id": 501
    },
    {
        "id": 502
    },
    {
        "id": 503
    },
    {
        "id": 504
    },
    {
        "id": 505
    },
    {
        "id": 506
    },
    {
        "id": 507
    },
    {
        "id": 508
    },
    {
        "id": 509
    },
    {
        "id": 510
    },
    {
        "id": 511
    },
    {
        "id": 759
    },
    {
        "id": 348
    },
    {
        "id": 89
    },
    {
        "id": 123
    },
    {
        "id": 169
    },
    {
        "id": 323
    },
    {
        "id": 472
    },
    {
        "id": 473
    },
    {
        "id": 474
    },
    {
        "id": 475
    },
    {
        "id": 476
    },
    {
        "id": 753
    },
    {
        "id": 754
    },
    {
        "id": 321
    },
    {
        "id": 389
    },
    {
        "id": 737
    },
    {
        "id": 390
    },
    {
        "id": 281
    },
    {
        "id": 325
    },
    {
        "id": 325,
        "damage": 1
    },
    {
        "id": 325,
        "damage": 8
    },
    {
        "id": 325,
        "damage": 10
    },
    {
        "id": 325,
        "damage": 2
    },
    {
        "id": 325,
        "damage": 3
    },
    {
        "id": 325,
        "damage": 4
    },
    {
        "id": 325,
        "damage": 5
    },
    {
        "id": 397,
        "damage": 3
    },
    {
        "id": 397,
        "damage": 2
    },
    {
        "id": 397,
        "damage": 4
    },
    {
        "id": 397,
        "damage": 5
    },
    {
        "id": 397
    },
    {
        "id": 397,
        "damage": 1
    },
    {
        "id": 138
    },
    {
        "id": -206
    },
    {
        "id": -157
    },
    {
        "id": -197
    },
    {
        "id": 120
    },
    {
        "id": 263
    },
    {
        "id": 263,
        "damage": 1
    },
    {
        "id": 264
    },
    {
        "id": 452
    },
    {
        "id": 265
    },
    {
        "id": 752
    },
    {
        "id": 742
    },
    {
        "id": 371
    },
    {
        "id": 266
    },
    {
        "id": 388
    },
    {
        "id": 406
    },
    {
        "id": 337
    },
    {
        "id": 336
    },
    {
        "id": 405
    },
    {
        "id": 409
    },
    {
        "id": 422
    },
    {
        "id": 465
    },
    {
        "id": 467
    },
    {
        "id": 468
    },
    {
        "id": 470
    },
    {
        "id": 287
    },
    {
        "id": 288
    },
    {
        "id": 318
    },
    {
        "id": 289
    },
    {
        "id": 334
    },
    {
        "id": 415
    },
    {
        "id": 414
    },
    {
        "id": 385
    },
    {
        "id": 369
    },
    {
        "id": 377
    },
    {
        "id": 378
    },
    {
        "id": 376
    },
    {
        "id": 437
    },
    {
        "id": 445
    },
    {
        "id": 370
    },
    {
        "id": 341
    },
    {
        "id": 368
    },
    {
        "id": 381
    },
    {
        "id": 399
    },
    {
        "id": 208
    },
    {
        "id": 426
    },
    {
        "id": 339
    },
    {
        "id": 340
    },
    {
        "id": 386
    },
    {
        "id": 36
    },
    {
        "id": -12
    },
    {
        "id": -13
    },
    {
        "id": -14
    },
    {
        "id": -15
    },
    {
        "id": -16
    },
    {
        "id": -17
    },
    {
        "id": -18
    },
    {
        "id": -19
    },
    {
        "id": -20
    },
    {
        "id": -21
    },
    {
        "id": -22
    },
    {
        "id": -23
    },
    {
        "id": -24
    },
    {
        "id": -25
    },
    {
        "id": -26
    },
    {
        "id": -27
    },
    {
        "id": -28
    },
    {
        "id": -29
    },
    {
        "id": -30
    },
    {
        "id": -31
    },
    {
        "id": -32
    },
    {
        "id": -33
    },
    {
        "id": -34
    },
    {
        "id": -35
    },
    {
        "id": -36
    },
    {
        "id": -37
    },
    {
        "id": -38
    },
    {
        "id": -39
    },
    {
        "id": -40
    },
    {
        "id": -41
    },
    {
        "id": -42
    },
    {
        "id": -43
    },
    {
        "id": -44
    },
    {
        "id": -45
    },
    {
        "id": -46
    },
    {
        "id": -47
    },
    {
        "id": -48
    },
    {
        "id": -49
    },
    {
        "id": -50
    },
    {
        "id": -51
    },
    {
        "id": -52
    },
    {
        "id": -53
    },
    {
        "id": -54
    },
    {
        "id": -55
    },
    {
        "id": -56
    },
    {
        "id": -57
    },
    {
        "id": -58
    },
    {
        "id": -59
    },
    {
        "id": -60
    },
    {
        "id": -61
    },
    {
        "id": -62
    },
    {
        "id": -63
    },
    {
        "id": -64
    },
    {
        "id": -65
    },
    {
        "id": -66
    },
    {
        "id": -67
    },
    {
        "id": -68
    },
    {
        "id": -69
    },
    {
        "id": -70
    },
    {
        "id": -71
    },
    {
        "id": -72
    },
    {
        "id": -73
    },
    {
        "id": -74
    },
    {
        "id": -75
    },
    {
        "id": -76
    },
    {
        "id": -77
    },
    {
        "id": -78
    },
    {
        "id": -79
    },
    {
        "id": -80
    },
    {
        "id": -81
    },
    {
        "id": -82
    },
    {
        "id": -83
    },
    {
        "id": -84
    },
    {
        "id": -85
    },
    {
        "id": -86
    },
    {
        "id": -87
    },
    {
        "id": -88
    },
    {
        "id": -89
    },
    {
        "id": -90
    },
    {
        "id": -91
    },
    {
        "id": -92
    },
    {
        "id": -93
    },
    {
        "id": -94
    },
    {
        "id": -95
    },
    {
        "id": -96
    },
    {
        "id": -97
    },
    {
        "id": -98
    },
    {
        "id": -99
    },
    {
        "id": -100
    },
    {
        "id": -101
    },
    {
        "id": -102
    },
    {
        "id": -103
    },
    {
        "id": -104
    },
    {
        "id": -105
    },
    {
        "id": -106
    },
    {
        "id": -107
    },
    {
        "id": -108
    },
    {
        "id": -109
    },
    {
        "id": -110
    },
    {
        "id": -111
    },
    {
        "id": -112
    },
    {
        "id": -113
    },
    {
        "id": -114
    },
    {
        "id": -115
    },
    {
        "id": -116
    },
    {
        "id": -117
    },
    {
        "id": -118
    },
    {
        "id": -119
    },
    {
        "id": -120
    },
    {
        "id": -121
    },
    {
        "id": -122
    },
    {
        "id": -123
    },
    {
        "id": -124
    },
    {
        "id": -125
    },
    {
        "id": -126
    },
    {
        "id": -127
    },
    {
        "id": -128
    },
    {
        "id": -129
    },
    {
        "id": 403,
        "nbt_b64": "CgAACQQAZW5jaAoBAAAAAgIAaWQAAAIDAGx2bAEAAAA="
    },
    {
        "id": 403,
        "nbt_b64": "CgAACQQAZW5jaAoBAAAAAgIAaWQAAAIDAGx2bAIAAAA="
    },
    {
        "id": 403,
        "nbt_b64": "CgAACQQAZW5jaAoBAAAAAgIAaWQAAAIDAGx2bAMAAAA="
    },
    {
        "id": 403,
        "nbt_b64": "CgAACQQAZW5jaAoBAAAAAgIAaWQAAAIDAGx2bAQAAAA="
    },
    {
        "id": 403,
        "nbt_b64": "CgAACQQAZW5jaAoBAAAAAgIAaWQBAAIDAGx2bAEAAAA="
    },
    {
        "id": 403,
        "nbt_b64": "CgAACQQAZW5jaAoBAAAAAgIAaWQBAAIDAGx2bAIAAAA="
    },
    {
        "id": 403,
        "nbt_b64": "CgAACQQAZW5jaAoBAAAAAgIAaWQBAAIDAGx2bAMAAAA="
    },
    {
        "id": 403,
        "nbt_b64": "CgAACQQAZW5jaAoBAAAAAgIAaWQBAAIDAGx2bAQAAAA="
    },
    {
        "id": 403,
        "nbt_b64": "CgAACQQAZW5jaAoBAAAAAgIAaWQCAAIDAGx2bAEAAAA="
    },
    {
        "id": 403,
        "nbt_b64": "CgAACQQAZW5jaAoBAAAAAgIAaWQCAAIDAGx2bAIAAAA="
    },
    {
        "id": 403,
        "nbt_b64": "CgAACQQAZW5jaAoBAAAAAgIAaWQCAAIDAGx2bAMAAAA="
    },
    {
        "id": 403,
        "nbt_b64": "CgAACQQAZW5jaAoBAAAAAgIAaWQCAAIDAGx2bAQAAAA="
    },
    {
        "id": 403,
        "nbt_b64": "CgAACQQAZW5jaAoBAAAAAgIAaWQDAAIDAGx2bAEAAAA="
    },
    {
        "id": 403,
        "nbt_b64": "CgAACQQAZW5jaAoBAAAAAgIAaWQDAAIDAGx2bAIAAAA="
    },
    {
        "id": 403,
        "nbt_b64": "CgAACQQAZW5jaAoBAAAAAgIAaWQDAAIDAGx2bAMAAAA="
    },
    {
        "id": 403,
        "nbt_b64": "CgAACQQAZW5jaAoBAAAAAgIAaWQDAAIDAGx2bAQAAAA="
    },
    {
        "id": 403,
        "nbt_b64": "CgAACQQAZW5jaAoBAAAAAgIAaWQEAAIDAGx2bAEAAAA="
    },
    {
        "id": 403,
        "nbt_b64": "CgAACQQAZW5jaAoBAAAAAgIAaWQEAAIDAGx2bAIAAAA="
    },
    {
        "id": 403,
        "nbt_b64": "CgAACQQAZW5jaAoBAAAAAgIAaWQEAAIDAGx2bAMAAAA="
    },
    {
        "id": 403,
        "nbt_b64": "CgAACQQAZW5jaAoBAAAAAgIAaWQEAAIDAGx2bAQAAAA="
    },
    {
        "id": 403,
        "nbt_b64": "CgAACQQAZW5jaAoBAAAAAgIAaWQFAAIDAGx2bAEAAAA="
    },
    {
        "id": 403,
        "nbt_b64": "CgAACQQAZW5jaAoBAAAAAgIAaWQFAAIDAGx2bAIAAAA="
    },
    {
        "id": 403,
        "nbt_b64": "CgAACQQAZW5jaAoBAAAAAgIAaWQFAAIDAGx2bAMAAAA="
    },
    {
        "id": 403,
        "nbt_b64": "CgAACQQAZW5jaAoBAAAAAgIAaWQGAAIDAGx2bAEAAAA="
    },
    {
        "id": 403,
        "nbt_b64": "CgAACQQAZW5jaAoBAAAAAgIAaWQGAAIDAGx2bAIAAAA="
    },
    {
        "id": 403,
        "nbt_b64": "CgAACQQAZW5jaAoBAAAAAgIAaWQGAAIDAGx2bAMAAAA="
    },
    {
        "id": 403,
        "nbt_b64": "CgAACQQAZW5jaAoBAAAAAgIAaWQHAAIDAGx2bAEAAAA="
    },
    {
        "id": 403,
        "nbt_b64": "CgAACQQAZW5jaAoBAAAAAgIAaWQHAAIDAGx2bAIAAAA="
    },
    {
        "id": 403,
        "nbt_b64": "CgAACQQAZW5jaAoBAAAAAgIAaWQHAAIDAGx2bAMAAAA="
    },
    {
        "id": 403,
        "nbt_b64": "CgAACQQAZW5jaAoBAAAAAgIAaWQIAAIDAGx2bAEAAAA="
    },
    {
        "id": 403,
        "nbt_b64": "CgAACQQAZW5jaAoBAAAAAgIAaWQJAAIDAGx2bAEAAAA="
    },
    {
        "id": 403,
        "nbt_b64": "CgAACQQAZW5jaAoBAAAAAgIAaWQJAAIDAGx2bAIAAAA="
    },
    {
        "id": 403,
        "nbt_b64": "CgAACQQAZW5jaAoBAAAAAgIAaWQJAAIDAGx2bAMAAAA="
    },
    {
        "id": 403,
        "nbt_b64": "CgAACQQAZW5jaAoBAAAAAgIAaWQJAAIDAGx2bAQAAAA="
    },
    {
        "id": 403,
        "nbt_b64": "CgAACQQAZW5jaAoBAAAAAgIAaWQJAAIDAGx2bAUAAAA="
    },
    {
        "id": 403,
        "nbt_b64": "CgAACQQAZW5jaAoBAAAAAgIAaWQKAAIDAGx2bAEAAAA="
    },
    {
        "id": 403,
        "nbt_b64": "CgAACQQAZW5jaAoBAAAAAgIAaWQKAAIDAGx2bAIAAAA="
    },
    {
        "id": 403,
        "nbt_b64": "CgAACQQAZW5jaAoBAAAAAgIAaWQKAAIDAGx2bAMAAAA="
    },
    {
        "id": 403,
        "nbt_b64": "CgAACQQAZW5jaAoBAAAAAgIAaWQKAAIDAGx2bAQAAAA="
    },
    {
        "id": 403,
        "nbt_b64": "CgAACQQAZW5jaAoBAAAAAgIAaWQKAAIDAGx2bAUAAAA="
    },
    {
        "id": 403,
        "nbt_b64": "CgAACQQAZW5jaAoBAAAAAgIAaWQLAAIDAGx2bAEAAAA="
    },
    {
        "id": 403,
        "nbt_b64": "CgAACQQAZW5jaAoBAAAAAgIAaWQLAAIDAGx2bAIAAAA="
    },
    {
        "id": 403,
        "nbt_b64": "CgAACQQAZW5jaAoBAAAAAgIAaWQLAAIDAGx2bAMAAAA="
    },
    {
        "id": 403,
        "nbt_b64": "CgAACQQAZW5jaAoBAAAAAgIAaWQLAAIDAGx2bAQAAAA="
    },
    {
        "id": 403,
        "nbt_b64": "CgAACQQAZW5jaAoBAAAAAgIAaWQLAAIDAGx2bAUAAAA="
    },
    {
        "id": 403,
        "nbt_b64": "CgAACQQAZW5jaAoBAAAAAgIAaWQMAAIDAGx2bAEAAAA="
    },
    {
        "id": 403,
        "nbt_b64": "CgAACQQAZW5jaAoBAAAAAgIAaWQMAAIDAGx2bAIAAAA="
    },
    {
        "id": 403,
        "nbt_b64": "CgAACQQAZW5jaAoBAAAAAgIAaWQNAAIDAGx2bAEAAAA="
    },
    {
        "id": 403,
        "nbt_b64": "CgAACQQAZW5jaAoBAAAAAgIAaWQNAAIDAGx2bAIAAAA="
    },
    {
        "id": 403,
        "nbt_b64": "CgAACQQAZW5jaAoBAAAAAgIAaWQOAAIDAGx2bAEAAAA="
    },
    {
        "id": 403,
        "nbt_b64": "CgAACQQAZW5jaAoBAAAAAgIAaWQOAAIDAGx2bAIAAAA="
    },
    {
        "id": 403,
        "nbt_b64": "CgAACQQAZW5jaAoBAAAAAgIAaWQOAAIDAGx2bAMAAAA="
    },
    {
        "id": 403,
        "nbt_b64": "CgAACQQAZW5jaAoBAAAAAgIAaWQPAAIDAGx2bAEAAAA="
    },
    {
        "id": 403,
        "nbt_b64": "CgAACQQAZW5jaAoBAAAAAgIAaWQPAAIDAGx2bAIAAAA="
    },
    {
        "id": 403,
        "nbt_b64": "CgAACQQAZW5jaAoBAAAAAgIAaWQPAAIDAGx2bAMAAAA="
    },
    {
        "id": 403,
        "nbt_b64": "CgAACQQAZW5jaAoBAAAAAgIAaWQPAAIDAGx2bAQAAAA="
    },
    {
        "id": 403,
        "nbt_b64": "CgAACQQAZW5jaAoBAAAAAgIAaWQPAAIDAGx2bAUAAAA="
    },
    {
        "id": 403,
        "nbt_b64": "CgAACQQAZW5jaAoBAAAAAgIAaWQQAAIDAGx2bAEAAAA="
    },
    {
        "id": 403,
        "nbt_b64": "CgAACQQAZW5jaAoBAAAAAgIAaWQRAAIDAGx2bAEAAAA="
    },
    {
        "id": 403,
        "nbt_b64": "CgAACQQAZW5jaAoBAAAAAgIAaWQRAAIDAGx2bAIAAAA="
    },
    {
        "id": 403,
        "nbt_b64": "CgAACQQAZW5jaAoBAAAAAgIAaWQRAAIDAGx2bAMAAAA="
    },
    {
        "id": 403,
        "nbt_b64": "CgAACQQAZW5jaAoBAAAAAgIAaWQSAAIDAGx2bAEAAAA="
    },
    {
        "id": 403,
        "nbt_b64": "CgAACQQAZW5jaAoBAAAAAgIAaWQSAAIDAGx2bAIAAAA="
    },
    {
        "id": 403,
        "nbt_b64": "CgAACQQAZW5jaAoBAAAAAgIAaWQSAAIDAGx2bAMAAAA="
    },
    {
        "id": 403,
        "nbt_b64": "CgAACQQAZW5jaAoBAAAAAgIAaWQTAAIDAGx2bAEAAAA="
    },
    {
        "id": 403,
        "nbt_b64": "CgAACQQAZW5jaAoBAAAAAgIAaWQTAAIDAGx2bAIAAAA="
    },
    {
        "id": 403,
        "nbt_b64": "CgAACQQAZW5jaAoBAAAAAgIAaWQTAAIDAGx2bAMAAAA="
    },
    {
        "id": 403,
        "nbt_b64": "CgAACQQAZW5jaAoBAAAAAgIAaWQTAAIDAGx2bAQAAAA="
    },
    {
        "id": 403,
        "nbt_b64": "CgAACQQAZW5jaAoBAAAAAgIAaWQTAAIDAGx2bAUAAAA="
    },
    {
        "id": 403,
        "nbt_b64": "CgAACQQAZW5jaAoBAAAAAgIAaWQUAAIDAGx2bAEAAAA="
    },
    {
        "id": 403,
        "nbt_b64": "CgAACQQAZW5jaAoBAAAAAgIAaWQUAAIDAGx2bAIAAAA="
    },
    {
        "id": 403,
        "nbt_b64": "CgAACQQAZW5jaAoBAAAAAgIAaWQVAAIDAGx2bAEAAAA="
    },
    {
        "id": 403,
        "nbt_b64": "CgAACQQAZW5jaAoBAAAAAgIAaWQWAAIDAGx2bAEAAAA="
    },
    {
        "id": 403,
        "nbt_b64": "CgAACQQAZW5jaAoBAAAAAgIAaWQXAAIDAGx2bAEAAAA="
    },
    {
        "id": 403,
        "nbt_b64": "CgAACQQAZW5jaAoBAAAAAgIAaWQXAAIDAGx2bAIAAAA="
    },
    {
        "id": 403,
        "nbt_b64": "CgAACQQAZW5jaAoBAAAAAgIAaWQXAAIDAGx2bAMAAAA="
    },
    {
        "id": 403,
        "nbt_b64": "CgAACQQAZW5jaAoBAAAAAgIAaWQYAAIDAGx2bAEAAAA="
    },
    {
        "id": 403,
        "nbt_b64": "CgAACQQAZW5jaAoBAAAAAgIAaWQYAAIDAGx2bAIAAAA="
    },
    {
        "id": 403,
        "nbt_b64": "CgAACQQAZW5jaAoBAAAAAgIAaWQYAAIDAGx2bAMAAAA="
    },
    {
        "id": 403,
        "nbt_b64": "CgAACQQAZW5jaAoBAAAAAgIAaWQZAAIDAGx2bAEAAAA="
    },
    {
        "id": 403,
        "nbt_b64": "CgAACQQAZW5jaAoBAAAAAgIAaWQZAAIDAGx2bAIAAAA="
    },
    {
        "id": 403,
        "nbt_b64": "CgAACQQAZW5jaAoBAAAAAgIAaWQaAAIDAGx2bAEAAAA="
    },
    {
        "id": 403,
        "nbt_b64": "CgAACQQAZW5jaAoBAAAAAgIAaWQbAAIDAGx2bAEAAAA="
    },
    {
        "id": 403,
        "nbt_b64": "CgAACQQAZW5jaAoBAAAAAgIAaWQcAAIDAGx2bAEAAAA="
    },
    {
        "id": 403,
        "nbt_b64": "CgAACQQAZW5jaAoBAAAAAgIAaWQdAAIDAGx2bAEAAAA="
    },
    {
        "id": 403,
        "nbt_b64": "CgAACQQAZW5jaAoBAAAAAgIAaWQdAAIDAGx2bAIAAAA="
    },
    {
        "id": 403,
        "nbt_b64": "CgAACQQAZW5jaAoBAAAAAgIAaWQdAAIDAGx2bAMAAAA="
    },
    {
        "id": 403,
        "nbt_b64": "CgAACQQAZW5jaAoBAAAAAgIAaWQdAAIDAGx2bAQAAAA="
    },
    {
        "id": 403,
        "nbt_b64": "CgAACQQAZW5jaAoBAAAAAgIAaWQdAAIDAGx2bAUAAAA="
    },
    {
        "id": 403,
        "nbt_b64": "CgAACQQAZW5jaAoBAAAAAgIAaWQeAAIDAGx2bAEAAAA="
    },
    {
        "id": 403,
        "nbt_b64": "CgAACQQAZW5jaAoBAAAAAgIAaWQeAAIDAGx2bAIAAAA="
    },
    {
        "id": 403,
        "nbt_b64": "CgAACQQAZW5jaAoBAAAAAgIAaWQeAAIDAGx2bAMAAAA="
    },
    {
        "id": 403,
        "nbt_b64": "CgAACQQAZW5jaAoBAAAAAgIAaWQfAAIDAGx2bAEAAAA="
    },
    {
        "id": 403,
        "nbt_b64": "CgAACQQAZW5jaAoBAAAAAgIAaWQfAAIDAGx2bAIAAAA="
    },
    {
        "id": 403,
        "nbt_b64": "CgAACQQAZW5jaAoBAAAAAgIAaWQfAAIDAGx2bAMAAAA="
    },
    {
        "id": 403,
        "nbt_b64": "CgAACQQAZW5jaAoBAAAAAgIAaWQgAAIDAGx2bAEAAAA="
    },
    {
        "id": 403,
        "nbt_b64": "CgAACQQAZW5jaAoBAAAAAgIAaWQhAAIDAGx2bAEAAAA="
    },
    {
        "id": 403,
        "nbt_b64": "CgAACQQAZW5jaAoBAAAAAgIAaWQiAAIDAGx2bAEAAAA="
    },
    {
        "id": 403,
        "nbt_b64": "CgAACQQAZW5jaAoBAAAAAgIAaWQiAAIDAGx2bAIAAAA="
    },
    {
        "id": 403,
        "nbt_b64": "CgAACQQAZW5jaAoBAAAAAgIAaWQiAAIDAGx2bAMAAAA="
    },
    {
        "id": 403,
        "nbt_b64": "CgAACQQAZW5jaAoBAAAAAgIAaWQiAAIDAGx2bAQAAAA="
    },
    {
        "id": 403,
        "nbt_b64": "CgAACQQAZW5jaAoBAAAAAgIAaWQjAAIDAGx2bAEAAAA="
    },
    {
        "id": 403,
        "nbt_b64": "CgAACQQAZW5jaAoBAAAAAgIAaWQjAAIDAGx2bAIAAAA="
    },
    {
        "id": 403,
        "nbt_b64": "CgAACQQAZW5jaAoBAAAAAgIAaWQjAAIDAGx2bAMAAAA="
    },
    {
        "id": 403,
        "nbt_b64": "CgAACQQAZW5jaAoBAAAAAgIAaWQkAAIDAGx2bAEAAAA="
    },
    {
        "id": 403,
        "nbt_b64": "CgAACQQAZW5jaAoBAAAAAgIAaWQkAAIDAGx2bAIAAAA="
    },
    {
        "id": 403,
        "nbt_b64": "CgAACQQAZW5jaAoBAAAAAgIAaWQkAAIDAGx2bAMAAAA="
    },
    {
        "id": 333
    },
    {
        "id": 333,
        "damage": 1
    },
    {
        "id": 333,
        "damage": 2
    },
    {
        "id": 333,
        "damage": 3
    },
    {
        "id": 333,
        "damage": 4
    },
    {
        "id": 333,
        "damage": 5
    },
    {
        "id": 66
    },
    {
        "id": 27
    },
    {
        "id": 28
    },
    {
        "id": 126
    },
    {
        "id": 328
    },
    {
        "id": 342
    },
    {
        "id": 408
    },
    {
        "id": 407
    },
    {
        "id": 331
    },
    {
        "id": 152
    },
    {
        "id": 76
    },
    {
        "id": 69
    },
    {
        "id": 143
    },
    {
        "id": -144
    },
    {
        "id": -141
    },
    {
        "id": -143
    },
    {
        "id": -140
    },
    {
        "id": -142
    },
    {
        "id": 77
    },
    {
        "id": -260
    },
    {
        "id": -261
    },
    {
        "id": -296
    },
    {
        "id": 131
    },
    {
        "id": 72
    },
    {
        "id": -154
    },
    {
        "id": -151
    },
    {
        "id": -153
    },
    {
        "id": -150
    },
    {
        "id": -152
    },
    {
        "id": -262
    },
    {
        "id": -263
    },
    {
        "id": 70
    },
    {
        "id": 147
    },
    {
        "id": 148
    },
    {
        "id": -295
    },
    {
        "id": 251
    },
    {
        "id": 151
    },
    {
        "id": 356
    },
    {
        "id": 404
    },
    {
        "id": 410
    },
    {
        "id": 125,
        "damage": 3
    },
    {
        "id": 23,
        "damage": 3
    },
    {
        "id": 33,
        "damage": 1
    },
    {
        "id": 29,
        "damage": 1
    },
    {
        "id": 46
    },
    {
        "id": 421
    },
    {
        "id": -204
    },
    {
        "id": 446
    },
    {
        "id": 446,
        "damage": 8
    },
    {
        "id": 446,
        "damage": 7
    },
    {
        "id": 446,
        "damage": 15
    },
    {
        "id": 446,
        "damage": 12
    },
    {
        "id": 446,
        "damage": 14
    },
    {
        "id": 446,
        "damage": 1
    },
    {
        "id": 446,
        "damage": 4
    },
    {
        "id": 446,
        "damage": 5
    },
    {
        "id": 446,
        "damage": 13
    },
    {
        "id": 446,
        "damage": 9
    },
    {
        "id": 446,
        "damage": 3
    },
    {
        "id": 446,
        "damage": 11
    },
    {
        "id": 446,
        "damage": 10
    },
    {
        "id": 446,
        "damage": 2
    },
    {
        "id": 446,
        "damage": 6
    },
    {
        "id": 446,
        "damage": 15,
        "nbt_b64": "CgAAAwQAVHlwZQEAAAAA"
    },
    {
        "id": 434
    },
    {
        "id": 434,
        "damage": 1
    },
    {
        "id": 434,
        "damage": 2
    },
    {
        "id": 434,
        "damage": 3
    },
    {
        "id": 434,
        "damage": 4
    },
    {
        "id": 434,
        "damage": 5
    },
    {
        "id": 434,
        "damage": 6
    },
    {
        "id": 401,
        "nbt_b64": "CgAACgkARmlyZXdvcmtzCQoARXhwbG9zaW9ucwAAAAAAAQYARmxpZ2h0AQAA"
    },
    {
        "id": 401,
        "nbt_b64": "CgAACgkARmlyZXdvcmtzCQoARXhwbG9zaW9ucwoBAAAABw0ARmlyZXdvcmtDb2xvcgEAAAAABwwARmlyZXdvcmtGYWRlAAAAAAEPAEZpcmV3b3JrRmxpY2tlcgABDQBGaXJld29ya1RyYWlsAAEMAEZpcmV3b3JrVHlwZQAAAQYARmxpZ2h0AQAA"
    },
    {
        "id": 401,
        "nbt_b64": "CgAACgkARmlyZXdvcmtzCQoARXhwbG9zaW9ucwoBAAAABw0ARmlyZXdvcmtDb2xvcgEAAAAIBwwARmlyZXdvcmtGYWRlAAAAAAEPAEZpcmV3b3JrRmxpY2tlcgABDQBGaXJld29ya1RyYWlsAAEMAEZpcmV3b3JrVHlwZQAAAQYARmxpZ2h0AQAA"
    },
    {
        "id": 401,
        "nbt_b64": "CgAACgkARmlyZXdvcmtzCQoARXhwbG9zaW9ucwoBAAAABw0ARmlyZXdvcmtDb2xvcgEAAAAHBwwARmlyZXdvcmtGYWRlAAAAAAEPAEZpcmV3b3JrRmxpY2tlcgABDQBGaXJld29ya1RyYWlsAAEMAEZpcmV3b3JrVHlwZQAAAQYARmxpZ2h0AQAA"
    },
    {
        "id": 401,
        "nbt_b64": "CgAACgkARmlyZXdvcmtzCQoARXhwbG9zaW9ucwoBAAAABw0ARmlyZXdvcmtDb2xvcgEAAAAPBwwARmlyZXdvcmtGYWRlAAAAAAEPAEZpcmV3b3JrRmxpY2tlcgABDQBGaXJld29ya1RyYWlsAAEMAEZpcmV3b3JrVHlwZQAAAQYARmxpZ2h0AQAA"
    },
    {
        "id": 401,
        "nbt_b64": "CgAACgkARmlyZXdvcmtzCQoARXhwbG9zaW9ucwoBAAAABw0ARmlyZXdvcmtDb2xvcgEAAAAMBwwARmlyZXdvcmtGYWRlAAAAAAEPAEZpcmV3b3JrRmxpY2tlcgABDQBGaXJld29ya1RyYWlsAAEMAEZpcmV3b3JrVHlwZQAAAQYARmxpZ2h0AQAA"
    },
    {
        "id": 401,
        "nbt_b64": "CgAACgkARmlyZXdvcmtzCQoARXhwbG9zaW9ucwoBAAAABw0ARmlyZXdvcmtDb2xvcgEAAAAOBwwARmlyZXdvcmtGYWRlAAAAAAEPAEZpcmV3b3JrRmxpY2tlcgABDQBGaXJld29ya1RyYWlsAAEMAEZpcmV3b3JrVHlwZQAAAQYARmxpZ2h0AQAA"
    },
    {
        "id": 401,
        "nbt_b64": "CgAACgkARmlyZXdvcmtzCQoARXhwbG9zaW9ucwoBAAAABw0ARmlyZXdvcmtDb2xvcgEAAAABBwwARmlyZXdvcmtGYWRlAAAAAAEPAEZpcmV3b3JrRmxpY2tlcgABDQBGaXJld29ya1RyYWlsAAEMAEZpcmV3b3JrVHlwZQAAAQYARmxpZ2h0AQAA"
    },
    {
        "id": 401,
        "nbt_b64": "CgAACgkARmlyZXdvcmtzCQoARXhwbG9zaW9ucwoBAAAABw0ARmlyZXdvcmtDb2xvcgEAAAAEBwwARmlyZXdvcmtGYWRlAAAAAAEPAEZpcmV3b3JrRmxpY2tlcgABDQBGaXJld29ya1RyYWlsAAEMAEZpcmV3b3JrVHlwZQAAAQYARmxpZ2h0AQAA"
    },
    {
        "id": 401,
        "nbt_b64": "CgAACgkARmlyZXdvcmtzCQoARXhwbG9zaW9ucwoBAAAABw0ARmlyZXdvcmtDb2xvcgEAAAAFBwwARmlyZXdvcmtGYWRlAAAAAAEPAEZpcmV3b3JrRmxpY2tlcgABDQBGaXJld29ya1RyYWlsAAEMAEZpcmV3b3JrVHlwZQAAAQYARmxpZ2h0AQAA"
    },
    {
        "id": 401,
        "nbt_b64": "CgAACgkARmlyZXdvcmtzCQoARXhwbG9zaW9ucwoBAAAABw0ARmlyZXdvcmtDb2xvcgEAAAANBwwARmlyZXdvcmtGYWRlAAAAAAEPAEZpcmV3b3JrRmxpY2tlcgABDQBGaXJld29ya1RyYWlsAAEMAEZpcmV3b3JrVHlwZQAAAQYARmxpZ2h0AQAA"
    },
    {
        "id": 401,
        "nbt_b64": "CgAACgkARmlyZXdvcmtzCQoARXhwbG9zaW9ucwoBAAAABw0ARmlyZXdvcmtDb2xvcgEAAAAJBwwARmlyZXdvcmtGYWRlAAAAAAEPAEZpcmV3b3JrRmxpY2tlcgABDQBGaXJld29ya1RyYWlsAAEMAEZpcmV3b3JrVHlwZQAAAQYARmxpZ2h0AQAA"
    },
    {
        "id": 401,
        "nbt_b64": "CgAACgkARmlyZXdvcmtzCQoARXhwbG9zaW9ucwoBAAAABw0ARmlyZXdvcmtDb2xvcgEAAAADBwwARmlyZXdvcmtGYWRlAAAAAAEPAEZpcmV3b3JrRmxpY2tlcgABDQBGaXJld29ya1RyYWlsAAEMAEZpcmV3b3JrVHlwZQAAAQYARmxpZ2h0AQAA"
    },
    {
        "id": 401,
        "nbt_b64": "CgAACgkARmlyZXdvcmtzCQoARXhwbG9zaW9ucwoBAAAABw0ARmlyZXdvcmtDb2xvcgEAAAALBwwARmlyZXdvcmtGYWRlAAAAAAEPAEZpcmV3b3JrRmxpY2tlcgABDQBGaXJld29ya1RyYWlsAAEMAEZpcmV3b3JrVHlwZQAAAQYARmxpZ2h0AQAA"
    },
    {
        "id": 401,
        "nbt_b64": "CgAACgkARmlyZXdvcmtzCQoARXhwbG9zaW9ucwoBAAAABw0ARmlyZXdvcmtDb2xvcgEAAAAKBwwARmlyZXdvcmtGYWRlAAAAAAEPAEZpcmV3b3JrRmxpY2tlcgABDQBGaXJld29ya1RyYWlsAAEMAEZpcmV3b3JrVHlwZQAAAQYARmxpZ2h0AQAA"
    },
    {
        "id": 401,
        "nbt_b64": "CgAACgkARmlyZXdvcmtzCQoARXhwbG9zaW9ucwoBAAAABw0ARmlyZXdvcmtDb2xvcgEAAAACBwwARmlyZXdvcmtGYWRlAAAAAAEPAEZpcmV3b3JrRmxpY2tlcgABDQBGaXJld29ya1RyYWlsAAEMAEZpcmV3b3JrVHlwZQAAAQYARmxpZ2h0AQAA"
    },
    {
        "id": 401,
        "nbt_b64": "CgAACgkARmlyZXdvcmtzCQoARXhwbG9zaW9ucwoBAAAABw0ARmlyZXdvcmtDb2xvcgEAAAAGBwwARmlyZXdvcmtGYWRlAAAAAAEPAEZpcmV3b3JrRmxpY2tlcgABDQBGaXJld29ya1RyYWlsAAEMAEZpcmV3b3JrVHlwZQAAAQYARmxpZ2h0AQAA"
    },
    {
        "id": 402,
        "nbt_b64": "CgAACg0ARmlyZXdvcmtzSXRlbQcNAEZpcmV3b3JrQ29sb3IBAAAAAAcMAEZpcmV3b3JrRmFkZQAAAAABDwBGaXJld29ya0ZsaWNrZXIAAQ0ARmlyZXdvcmtUcmFpbAABDABGaXJld29ya1R5cGUAAAMLAGN1c3RvbUNvbG9yIR0d\/wA="
    },
    {
        "id": 402,
        "damage": 8,
        "nbt_b64": "CgAACg0ARmlyZXdvcmtzSXRlbQcNAEZpcmV3b3JrQ29sb3IBAAAACAcMAEZpcmV3b3JrRmFkZQAAAAABDwBGaXJld29ya0ZsaWNrZXIAAQ0ARmlyZXdvcmtUcmFpbAABDABGaXJld29ya1R5cGUAAAMLAGN1c3RvbUNvbG9yUk9H\/wA="
    },
    {
        "id": 402,
        "damage": 7,
        "nbt_b64": "CgAACg0ARmlyZXdvcmtzSXRlbQcNAEZpcmV3b3JrQ29sb3IBAAAABwcMAEZpcmV3b3JrRmFkZQAAAAABDwBGaXJld29ya0ZsaWNrZXIAAQ0ARmlyZXdvcmtUcmFpbAABDABGaXJld29ya1R5cGUAAAMLAGN1c3RvbUNvbG9yl52d\/wA="
    },
    {
        "id": 402,
        "damage": 15,
        "nbt_b64": "CgAACg0ARmlyZXdvcmtzSXRlbQcNAEZpcmV3b3JrQ29sb3IBAAAADwcMAEZpcmV3b3JrRmFkZQAAAAABDwBGaXJld29ya0ZsaWNrZXIAAQ0ARmlyZXdvcmtUcmFpbAABDABGaXJld29ya1R5cGUAAAMLAGN1c3RvbUNvbG9y8PDw\/wA="
    },
    {
        "id": 402,
        "damage": 12,
        "nbt_b64": "CgAACg0ARmlyZXdvcmtzSXRlbQcNAEZpcmV3b3JrQ29sb3IBAAAADAcMAEZpcmV3b3JrRmFkZQAAAAABDwBGaXJld29ya0ZsaWNrZXIAAQ0ARmlyZXdvcmtUcmFpbAABDABGaXJld29ya1R5cGUAAAMLAGN1c3RvbUNvbG9y2rM6\/wA="
    },
    {
        "id": 402,
        "damage": 14,
        "nbt_b64": "CgAACg0ARmlyZXdvcmtzSXRlbQcNAEZpcmV3b3JrQ29sb3IBAAAADgcMAEZpcmV3b3JrRmFkZQAAAAABDwBGaXJld29ya0ZsaWNrZXIAAQ0ARmlyZXdvcmtUcmFpbAABDABGaXJld29ya1R5cGUAAAMLAGN1c3RvbUNvbG9yHYD5\/wA="
    },
    {
        "id": 402,
        "damage": 1,
        "nbt_b64": "CgAACg0ARmlyZXdvcmtzSXRlbQcNAEZpcmV3b3JrQ29sb3IBAAAAAQcMAEZpcmV3b3JrRmFkZQAAAAABDwBGaXJld29ya0ZsaWNrZXIAAQ0ARmlyZXdvcmtUcmFpbAABDABGaXJld29ya1R5cGUAAAMLAGN1c3RvbUNvbG9yJi6w\/wA="
    },
    {
        "id": 402,
        "damage": 4,
        "nbt_b64": "CgAACg0ARmlyZXdvcmtzSXRlbQcNAEZpcmV3b3JrQ29sb3IBAAAABAcMAEZpcmV3b3JrRmFkZQAAAAABDwBGaXJld29ya0ZsaWNrZXIAAQ0ARmlyZXdvcmtUcmFpbAABDABGaXJld29ya1R5cGUAAAMLAGN1c3RvbUNvbG9yqkQ8\/wA="
    },
    {
        "id": 402,
        "damage": 5,
        "nbt_b64": "CgAACg0ARmlyZXdvcmtzSXRlbQcNAEZpcmV3b3JrQ29sb3IBAAAABQcMAEZpcmV3b3JrRmFkZQAAAAABDwBGaXJld29ya0ZsaWNrZXIAAQ0ARmlyZXdvcmtUcmFpbAABDABGaXJld29ya1R5cGUAAAMLAGN1c3RvbUNvbG9yuDKJ\/wA="
    },
    {
        "id": 402,
        "damage": 13,
        "nbt_b64": "CgAACg0ARmlyZXdvcmtzSXRlbQcNAEZpcmV3b3JrQ29sb3IBAAAADQcMAEZpcmV3b3JrRmFkZQAAAAABDwBGaXJld29ya0ZsaWNrZXIAAQ0ARmlyZXdvcmtUcmFpbAABDABGaXJld29ya1R5cGUAAAMLAGN1c3RvbUNvbG9yvU7H\/wA="
    },
    {
        "id": 402,
        "damage": 9,
        "nbt_b64": "CgAACg0ARmlyZXdvcmtzSXRlbQcNAEZpcmV3b3JrQ29sb3IBAAAACQcMAEZpcmV3b3JrRmFkZQAAAAABDwBGaXJld29ya0ZsaWNrZXIAAQ0ARmlyZXdvcmtUcmFpbAABDABGaXJld29ya1R5cGUAAAMLAGN1c3RvbUNvbG9yqovz\/wA="
    },
    {
        "id": 402,
        "damage": 3,
        "nbt_b64": "CgAACg0ARmlyZXdvcmtzSXRlbQcNAEZpcmV3b3JrQ29sb3IBAAAAAwcMAEZpcmV3b3JrRmFkZQAAAAABDwBGaXJld29ya0ZsaWNrZXIAAQ0ARmlyZXdvcmtUcmFpbAABDABGaXJld29ya1R5cGUAAAMLAGN1c3RvbUNvbG9yMlSD\/wA="
    },
    {
        "id": 402,
        "damage": 11,
        "nbt_b64": "CgAACg0ARmlyZXdvcmtzSXRlbQcNAEZpcmV3b3JrQ29sb3IBAAAACwcMAEZpcmV3b3JrRmFkZQAAAAABDwBGaXJld29ya0ZsaWNrZXIAAQ0ARmlyZXdvcmtUcmFpbAABDABGaXJld29ya1R5cGUAAAMLAGN1c3RvbUNvbG9yPdj+\/wA="
    },
    {
        "id": 402,
        "damage": 10,
        "nbt_b64": "CgAACg0ARmlyZXdvcmtzSXRlbQcNAEZpcmV3b3JrQ29sb3IBAAAACgcMAEZpcmV3b3JrRmFkZQAAAAABDwBGaXJld29ya0ZsaWNrZXIAAQ0ARmlyZXdvcmtUcmFpbAABDABGaXJld29ya1R5cGUAAAMLAGN1c3RvbUNvbG9yH8eA\/wA="
    },
    {
        "id": 402,
        "damage": 2,
        "nbt_b64": "CgAACg0ARmlyZXdvcmtzSXRlbQcNAEZpcmV3b3JrQ29sb3IBAAAAAgcMAEZpcmV3b3JrRmFkZQAAAAABDwBGaXJld29ya0ZsaWNrZXIAAQ0ARmlyZXdvcmtUcmFpbAABDABGaXJld29ya1R5cGUAAAMLAGN1c3RvbUNvbG9yFnxe\/wA="
    },
    {
        "id": 402,
        "damage": 6,
        "nbt_b64": "CgAACg0ARmlyZXdvcmtzSXRlbQcNAEZpcmV3b3JrQ29sb3IBAAAABgcMAEZpcmV3b3JrRmFkZQAAAAABDwBGaXJld29ya0ZsaWNrZXIAAQ0ARmlyZXdvcmtUcmFpbAABDABGaXJld29ya1R5cGUAAAMLAGN1c3RvbUNvbG9ynJwW\/wA="
    },
    {
        "id": 758
    },
    {
        "id": -239
    },
    {
        "id": 741
    }
]